"","Wheat15A","Wheat15B","Wheat15C","Wheat1A","Wheat1B","Wheat1C","Wheat20A","Wheat20B","Wheat20C","Wheat23A","Wheat23B","Wheat23C","Wheat27A","Wheat27B","Wheat27C","Wheat2A","Wheat2B","Wheat2C","Wheat31A","Wheat31B","Wheat31C","Wheat3A","Wheat3B","Wheat3C","Wheat4A","Wheat4B","Wheat4C"
"k__Bacteria|p__Proteobacteria",0.993333333333333,0.984444444444444,0.766666666666667,0.984444444444444,0.935555555555556,0.811111111111111,0.973333333333333,0.751111111111111,0.7,0.931111111111111,0.935555555555556,0.997777777777778,0.966666666666667,0.771111111111111,0.646666666666667,0.955555555555556,0.195555555555556,0.56,0.955555555555556,0.431111111111111,0.828888888888889,0.962222222222222,0.94,0.406666666666667,0.908888888888889,0.837777777777778,0.908888888888889
"k__Bacteria|p__Actinobacteria",0.00444444444444444,0.00888888888888889,0.0444444444444444,0.0111111111111111,0.0133333333333333,0.0511111111111111,0.0177777777777778,0.12,0.144444444444444,0.0111111111111111,0.0177777777777778,0.00222222222222222,0.00666666666666667,0.0111111111111111,0.0444444444444444,0.0177777777777778,0.782222222222222,0.406666666666667,0.00666666666666667,0.555555555555556,0.0222222222222222,0.00222222222222222,0.0111111111111111,0.571111111111111,0.0355555555555556,0.0511111111111111,0.0488888888888889
"k__Bacteria|p__Firmicutes",0.00222222222222222,0.00666666666666667,0.188888888888889,0.00444444444444444,0.0511111111111111,0.137777777777778,0.00888888888888889,0.128888888888889,0.155555555555556,0.0577777777777778,0.0466666666666667,0,0.0266666666666667,0.217777777777778,0.308888888888889,0.0266666666666667,0.0222222222222222,0.0177777777777778,0.0377777777777778,0.0133333333333333,0.148888888888889,0.0355555555555556,0.0488888888888889,0.0222222222222222,0.0555555555555556,0.111111111111111,0.0422222222222222
"k__Bacteria|",0,0,0,0,0,0,0,0,0,0,0,0,0,0,0,0,0,0.0155555555555556,0,0,0,0,0,0,0,0,0
